ConceptID,ConceptLabel,Dependencies,TaxonomyID
1,Complex Numbers,,MATH
2,Imaginary Unit,1,MATH
3,Euler's Formula,1|2,MATH
4,Sine Wave,,MATH
5,Cosine Wave,4,MATH
6,Amplitude,4,MATH
7,Frequency,4,MATH
8,Phase,4|7,MATH
9,Periodic Functions,4|5,MATH
10,Harmonics,7|9,MATH
11,Complex Conjugate,1|2,MATH
12,Magnitude,1|6,MATH
13,Unit Circle,4|5,MATH
14,Hertz,7,MATH
15,Time Domain,4|7,MATH
16,Frequency Domain,7|15,MATH
17,Analog Signals,4|6|7,SIGP
18,Digital Signals,17,SIGP
19,Sampling,17|18,SIGP
20,Sampling Rate,7|19,SIGP
21,Nyquist Theorem,7|20,SIGP
22,Aliasing,20|21,SIGP
23,Quantization,18|19,SIGP
24,Bit Depth,23,SIGP
25,ADC Conversion,17|18|23,SIGP
26,Signal Noise,17|18,SIGP
27,Signal To Noise Ratio,6|26,SIGP
28,Bandwidth,7|16,SIGP
29,Low Pass Filter,16|28,SIGP
30,Band Pass Filter,29,SIGP
31,Windowing Functions,9|15,SIGP
32,Spectral Leakage,16|31,SIGP
33,Jean Baptiste Fourier,,FOUR
34,Fourier Series,3|9|10|33,FOUR
35,Continuous Fourier Transform,3|15|16|34,FOUR
36,Discrete Fourier Transform,18|19|35,FOUR
37,DFT Definition,1|36,FOUR
38,DFT Complexity,37,FOUR
39,Inverse DFT,37,FOUR
40,Frequency Bins,16|37,FOUR
41,Bin Resolution,20|40,FOUR
42,Spectral Analysis,16|37|40,FOUR
43,Power Spectrum,12|42,FOUR
44,Magnitude Spectrum,12|42,FOUR
45,Phase Spectrum,8|42,FOUR
46,Frequency Resolution,40|41,FOUR
47,Zero Padding,37|46,FOUR
48,Orthogonality,34,FOUR
49,FFT Algorithm,36|38,FFTA
50,FFT History,33|49,FFTA
51,Cooley Tukey Algorithm,49|50,FFTA
52,Radix-2 FFT,51,FFTA
53,Radix-4 FFT,51|52,FFTA
54,Split Radix FFT,52|53,FFTA
55,Butterfly Operation,1|49|51,FFTA
56,Butterfly Diagram,55,FFTA
57,Twiddle Factors,3|55,FFTA
58,Bit Reversal,52,FFTA
59,In Place FFT,52|58,FFTA
60,Decimation In Time,52|55,FFTA
61,Decimation In Frequency,52|55,FFTA
62,FFT Stages,52|55|56,FFTA
63,FFT Complexity,38|49,FFTA
64,O(N log N),63,FFTA
65,FFT Size,49|63,FFTA
66,Power Of Two Sizes,52|65,FFTA
67,Real FFT,49|68,FFTA
68,Complex FFT,1|49,FFTA
69,Inverse FFT,39|49,FFTA
70,IFFT Algorithm,69,FFTA
71,Normalization Factor,49|69,FFTA
72,FFT Scaling,65|71,FFTA
73,Microcontroller,,HARD
74,ARM Architecture,73,HARD
75,ARM Cortex M Series,74,HARD
76,ARM Cortex M4,75,HARD
77,ARM Cortex M33,75|76,HARD
78,Raspberry Pi Pico,73|75,HARD
79,Raspberry Pi Pico 2,77|78,HARD
80,RP2040 Chip,78,HARD
81,RP2350 Chip,77|79,HARD
82,DSP Chip,73,HARD
83,General Purpose CPU,73,HARD
84,Clock Speed,73,HARD
85,CPU Cycles,84,HARD
86,Memory Architecture,73,HARD
87,Cache Memory,86,HARD
88,Embedded Systems,73|86,HARD
89,DSP Instructions,74|82,DSPI
90,SIMD Instructions,89,DSPI
91,MAC Instruction,89,DSPI
92,Multiply Accumulate,91,DSPI
93,Saturating Arithmetic,89|94,DSPI
94,Fixed Point Arithmetic,,DSPI
95,Floating Point Unit,74,DSPI
96,FPU Operations,95,DSPI
97,Single Precision Float,95|96,DSPI
98,Q Format Numbers,94,DSPI
99,Q15 Format,98,DSPI
100,Q31 Format,98|99,DSPI
101,Hardware Multiplier,74|92,DSPI
102,Pipelining,74,DSPI
103,Instruction Latency,85|102,DSPI
104,Real Time Constraints,84|85|103,DSPI
105,C Language,,PROG
106,C Compiler,105,PROG
107,GCC Compiler,106,PROG
108,ARM Compiler,74|106,PROG
109,Compiler Optimization,106,PROG
110,Optimization Flags,109,PROG
111,Assembly Language,,PROG
112,ARM Assembly,74|111,PROG
113,Thumb Instructions,112,PROG
114,Python Language,,PROG
115,NumPy Library,114,PROG
116,SciPy FFT,49|115,PROG
117,MicroPython,73|114,PROG
118,Memory Management,105|86,PROG
119,Reading Assembly Code,111|112,PROG
120,Disassembly,106|119,PROG
121,FFT Libraries,49|105,LIBS
122,CMSIS DSP Library,75|89|121,LIBS
123,Kiss FFT,105|121,LIBS
124,FFTW Library,105|121,LIBS
125,Arm Math Library,75|121|122,LIBS
126,Pico SDK FFT,78|121,LIBS
127,Open Source FFT,121,LIBS
128,Library Licensing,121,LIBS
129,MIT License,128,LIBS
130,GPL License,128,LIBS
131,Library Integration,106|121,LIBS
132,API Documentation,121|131,LIBS
133,Benchmarking,,BNCH
134,Performance Metrics,133,BNCH
135,Execution Time,85|134,BNCH
136,Clock Cycles,85|135,BNCH
137,Microseconds Per FFT,65|136,BNCH
138,FFTs Per Second,137,BNCH
139,Throughput Metric,134|138,BNCH
140,Latency Metric,134|135,BNCH
141,Memory Usage,86|134,BNCH
142,Code Size,106|134,BNCH
143,Test Harness,133|134,BNCH
144,Warm Up Runs,87|143,BNCH
145,Statistical Sampling,143,BNCH
146,Mean Execution Time,135|145,BNCH
147,Standard Deviation,145|146,BNCH
148,Reproducibility,143|145,BNCH
149,Fair Comparison,143|148,BNCH
150,Benchmarking Framework,133|143|149,BNCH
151,Integer FFT,49|94,PERF
152,Floating Point FFT,49|95,PERF
153,Fixed Point FFT,49|94|98,PERF
154,Precision Tradeoffs,151|152|153,PERF
155,Speed Accuracy Tradeoff,63|154,PERF
156,Cache Effects,87|157,PERF
157,Memory Access Patterns,86,PERF
158,Loop Unrolling,109,PERF
159,Vectorization,90|109,PERF
160,Real Time Processing,104|49,PERF
161,Streaming FFT,49|160,PERF
162,Block Processing,65|161,PERF
163,Double Buffering,86|162,PERF
164,Compiler Settings,109|110,PERF
165,Signal Preprocessing,17|49,PIPE
166,DC Offset Removal,165,PIPE
167,Normalization,6|165,PIPE
168,Window Application,31|165,PIPE
169,Zero Padding Input,47|165,PIPE
170,Post Processing,42|49,PIPE
171,Magnitude Calculation,12|44|170,PIPE
172,Phase Calculation,8|45|170,PIPE
173,Decibel Conversion,12|171,PIPE
174,Peak Detection,170|171,PIPE
175,Frequency Estimation,40|174,PIPE
176,Dominant Frequency,174|175,PIPE
177,Data Visualization,,VAPP
178,Spectrum Plot,42|177,VAPP
179,Spectrogram,15|16|178,VAPP
180,Waterfall Display,179,VAPP
181,Time Domain Plot,15|177,VAPP
182,Performance Charts,134|177,VAPP
183,Comparison Tables,134|182,VAPP
184,Performance Dashboard,182|183,VAPP
185,Benchmark Results,150|182,VAPP
186,Report Generation,183|185,VAPP
187,Audio Processing,17|49,VAPP
188,Music Analysis,10|187,VAPP
189,Voice Recognition,187|188,VAPP
190,Noise Cancellation,26|29|187,VAPP
191,Spectrum Analyzer,42|187,VAPP
192,Pitch Detection,7|188,VAPP
193,Vibration Analysis,17|42,VAPP
194,Machine Monitoring,193,VAPP
195,Radar Processing,16|49,VAPP
196,Communication Systems,16|28,VAPP
197,Software Defined Radio,196,VAPP
198,Sound Processing,17|49|187,VAPP
199,Capstone Project,150|186,VAPP
200,Benchmark Suite,150|199,VAPP
201,Thonny IDE,,TOOL
202,MicroPython Firmware,117,TOOL
203,USB Serial Connection,201,TOOL
204,REPL,201,TOOL
205,Print Statement,204,TOOL
206,Script Execution,201,TOOL
207,Saving To Device,202|206,TOOL
208,Device Filesystem,207,TOOL
209,Keyboard Interrupt,206,TOOL
210,MicroPython vs CPython,114|117,TOOL
211,General Purpose IO,73,MCIO
212,GPIO Pin,211,MCIO
213,Pin Object,206|212,MCIO
214,Digital Output,213,MCIO
215,Onboard LED,214,MCIO
216,Logic High And Low,214,MCIO
217,Pin Toggle,216,MCIO
218,Sleep Delay,206,MCIO
219,Infinite Loop,209|218,MCIO
220,Firmware Version,202,TOOL
221,CPU Clock Frequency,84,HARD
222,RAM Versus Flash,86,HARD
223,Free Memory Query,222,TOOL
224,Filesystem Statistics,208|222,TOOL
225,Memory Mapped Register,86,HARD
226,CPUID Register,77|225,HARD
227,Silicon Revision,226,HARD
228,Unique Device ID,225,HARD
229,Serial Peripheral Interface,212,MCIO
230,SPI Clock And Data,229,MCIO
231,Chip Select Line,229,MCIO
232,Display Driver Chip,229,MCIO
233,SSD1306 Controller,232,MCIO
234,Framebuffer,233,VAPP
235,Monochrome Display,234,VAPP
236,Pixel Coordinates,234,VAPP
237,Text Rendering,236,VAPP
238,Display Refresh,234,VAPP
239,Shared Configuration Module,207,TOOL
240,Digital Input,213,MCIO
241,Pull Up Resistor,240,MCIO
242,Active Low Logic,216|241,MCIO
243,Switch Bounce,240,MCIO
244,Debouncing,218|243,MCIO
245,Polling Loop,219|240,MCIO
246,Edge Detection,244|245,MCIO
247,Event Loop,245,MCIO
248,Mode Switching,246|247,MCIO
249,File Transfer To Device,208,TOOL
250,mpremote Tool,249,TOOL
251,Library Directory,249,TOOL
252,Import Path,251,TOOL
253,Module Import,239|252,TOOL
254,Autorun main.py,208,TOOL
255,Standalone Operation,254,TOOL
256,Code Organization,253,TOOL
257,MEMS Microphone,,AUDI
258,INMP441 Microphone,257,AUDI
259,Digital Microphone Output,18|258,AUDI
260,I2S Protocol,229,MCIO
261,Bit Clock,260,MCIO
262,Word Select Line,260,MCIO
263,I2S Serial Data,260,MCIO
264,Audio Buffer,260,AUDI
265,Buffered Read,264,MCIO
266,Sample Word Format,24|259,AUDI
267,Twenty Four Bit In Thirty Two,266,AUDI
268,Arithmetic Right Shift,267,AUDI
269,Unpacking Binary Data,265|266,AUDI
270,Root Mean Square,12|269,AUDI
271,Sound Level,270,AUDI
272,Loudness Perception,271,AUDI
273,Thonny Plotter,205,VAPP
274,Moving Average,271,AUDI
275,Exponential Smoothing,274,AUDI
276,Sensor Auto Calibration,271,AUDI
277,Bar Graph Display,236|271,VAPP
278,Decibel Scale,173|271,AUDI
279,Level Meter,277|278,VAPP
280,Sample Period,20,SIGP
281,Sampling Theorem,21|280,SIGP
282,Nyquist Frequency,281,SIGP
283,Aliasing Artifact,22|282,SIGP
284,Frequency Folding,283,SIGP
285,Anti Aliasing Filter,29|283,SIGP
286,Undersampling,282,SIGP
287,Tone Generator,7,AUDI
288,Sample Rate Selection,282|289,SIGP
289,Sample Rate Selection Tradeoff,281,SIGP
290,Productive Failure,,LABM
291,Dynamic Range,24,AUDI
292,Full Scale Value,291,AUDI
293,Headroom,292,AUDI
294,Clipping,292,AUDI
295,Clipping Distortion,10|294,AUDI
296,Quantization Error,23,SIGP
297,Noise Floor,26|296,AUDI
298,Amplitude Normalization,167|292,AUDI
299,Integer Overflow,292,AUDI
300,Radians,13,MATH
301,Angular Frequency,7|300,MATH
302,Period Of A Wave,7,MATH
303,Phase Offset,8|300,MATH
304,Sine Synthesis,4|301,MATH
305,Sample Index To Time,280|304,SIGP
306,Waveform Plotting,273|304,VAPP
307,Peak Amplitude,6,MATH
308,DC Component,6,SIGP
309,Signal Synthesis,304,SIGP
310,Superposition Principle,309,MATH
311,Wave Addition,310,MATH
312,Constructive Interference,303|311,MATH
313,Destructive Interference,303|311,MATH
314,Beat Frequency,311,AUDI
315,Amplitude Envelope,314,AUDI
316,Fundamental Frequency,10,AUDI
317,Overtones,316,AUDI
318,Timbre,317,AUDI
319,Additive Synthesis,311|317,AUDI
320,Correlation,311,FOUR
321,Multiply And Sum,320,FOUR
322,Dot Product,321,MATH
323,Test Frequency,304|320,FOUR
324,Similarity Measure,320,FOUR
325,Orthogonal Functions,48|322,FOUR
326,In Phase Component,5|320,FOUR
327,Quadrature Component,4|320,FOUR
328,Phase Independence,326|327,FOUR
329,Correlation Magnitude,12|328,FOUR
330,Basis Function,325,FOUR
331,Projection Onto Basis,322|330,FOUR
332,Frequency Sweep,323,FOUR
333,Bin Index,40|332,FOUR
334,Bin Center Frequency,333,FOUR
335,Bin Width,41|334,FOUR
336,Spectrum Array,329|333,FOUR
337,Eight Point DFT By Hand,37|336,FOUR
338,Complex Exponential,3|300,MATH
339,Real And Imaginary Parts,338,MATH
340,Spectrum Symmetry,11|336,FOUR
341,Negative Frequencies,340,FOUR
342,DC Bin,308|333,FOUR
343,Nyquist Bin,282|333,FOUR
344,Ground Truth,,LABM
345,Known Signal Test,309|344,LABM
346,Validation Before Trust,345,LABM
347,Numerical Tolerance,344,LABM
348,Absolute Error,347,LABM
349,Relative Error,348,LABM
350,Bin Exact Frequency,334|345,FOUR
351,Expected Peak,350,LABM
352,Debugging By Bisection,346,LABM
353,Test Signal Design,345,LABM
354,Algorithmic Complexity,38,BNCH
355,Quadratic Complexity,354,BNCH
356,Operation Counting,354,BNCH
357,Scaling Behavior,355,BNCH
358,Real Time Budget,104|280,PERF
359,Frame Duration,65|358,PERF
360,Processing Deadline,359,PERF
361,Performance Bottleneck,356,BNCH
362,Motivation For Optimization,360|361,BNCH
363,Divide And Conquer,362,FFTA
364,Even Odd Split,363,FFTA
365,Recursive Decomposition,364,FFTA
366,Subproblem,365,FFTA
367,Recombination Step,366,FFTA
368,Logarithmic Stages,365,FFTA
369,Complexity Reduction,64|368,FFTA
370,Power Of Two Constraint,66|364,FFTA
371,Redundant Computation,363,FFTA
372,Symmetry Exploitation,340|371,FFTA
373,Bit Reversal Permutation,58|364,FFTA
374,Index Reversal,373,FFTA
375,Permutation Table,374,FFTA
376,Roots Of Unity,13|338,MATH
377,Twiddle Factor Table,57|376,FFTA
378,Precomputation,377,PERF
379,Lookup Table,375|378,PERF
380,Loop Invariant Hoisting,378,PERF
381,In Place Reordering,59|375,FFTA
382,Swap Operation,381,FFTA
383,Interleaved Storage,377,PERF
384,Butterfly Structure,55|367,FFTA
385,Complex Multiplication,1|339,MATH
386,Four Multiply Form,385,FFTA
387,Butterfly Pair,384,FFTA
388,Stage Span,62|387,FFTA
389,Data Flow Graph,56,FFTA
390,Butterfly Count,368|388,FFTA
391,Stage Loop,388,FFTA
392,Cross Add And Subtract,384,FFTA
393,Iterative FFT,381|391,FFTA
394,Algorithm Assembly,386|393,FFTA
395,Reference Implementation,346|394,LABM
396,Cross Validation,349|395,LABM
397,Speedup Factor,135,BNCH
398,Correctness Before Speed,396,LABM
399,Function Decomposition,256,PROG
400,Magnitude Computation,171|393,PIPE
401,Fast Magnitude Approximation,400,PIPE
402,Power Versus Magnitude,43|400,PIPE
403,Bin Averaging For Display,277|333,VAPP
404,Logarithmic Scaling,278,VAPP
405,Square Root Scaling,403,VAPP
406,Spectrum Bars,178|403,VAPP
407,Frame Capture,265|359,AUDI
408,Live Spectrum Display,406|407,VAPP
409,Whistle Test,287|408,LABM
410,Half Spectrum Display,340|406,VAPP
411,Spectral Leakage Effect,32|350,SIGP
412,Rectangular Window,31,SIGP
413,Hanning Window,31|411,SIGP
414,Hamming Window,413,SIGP
415,Blackman Window,413,SIGP
416,Main Lobe Width,413,SIGP
417,Side Lobe Level,416,SIGP
418,Window Tradeoff,416|417,SIGP
419,Coherent Gain,298|413,SIGP
420,Edge Discontinuity,411,SIGP
421,Window Table,378|413,SIGP
422,Argmax Search,174|336,PIPE
423,Peak Bin,333|422,PIPE
424,Bin To Frequency,334|423,PIPE
425,Frequency Resolution Limit,46|335,PIPE
426,Parabolic Interpolation,423,PIPE
427,Sub Bin Accuracy,425|426,PIPE
428,Local Maximum,422,PIPE
429,Threshold Rejection,297|428,PIPE
430,Pitch,316,AUDI
431,Musical Note Mapping,424|430,AUDI
432,Octave,431,AUDI
433,Frame Rate,359,PERF
434,Stage Profiling,433,BNCH
435,Capture Time,407|434,BNCH
436,Compute Time,434,BNCH
437,Draw Time,238|434,BNCH
438,Overlap Processing,407,PERF
439,Hop Size,438,PERF
440,Buffer Swapping,163|407,PERF
441,Processing Latency,140|433,PERF
442,Bottleneck Identification,361|434,BNCH
443,Millisecond Timer,135,BNCH
444,Microsecond Timer,443,BNCH
445,Timer Resolution,444,BNCH
446,Counter Wraparound,444,BNCH
447,Cycle Counter,85|225,HARD
448,DWT Unit,77|447,HARD
449,CYCCNT Register,448,HARD
450,DEMCR Register,448,HARD
451,Register Bit Manipulation,449|450,HARD
452,Cycles To Microseconds,221|449,BNCH
453,Counter Verification,346|452,LABM
454,Cold Start Effect,144,BNCH
455,Warm Up Discard,454,BNCH
456,Best Of N,145,BNCH
457,Minimum Sample,456,BNCH
458,Variance Sources,147,BNCH
459,Interrupt Interference,458,BNCH
460,Observer Effect,461,LABM
461,Timing Overhead,452,BNCH
462,Measurement Discipline,455|456,LABM
463,Prediction Before Measurement,462,LABM
464,Honest Reporting,462,LABM
465,What A Benchmark Excludes,149|464,LABM
466,Negative Result,464,LABM
467,Bytecode Interpretation,117,PROG
468,Native Code Emitter,467,PROG
469,Viper Code Emitter,468,PROG
470,Boxed Values,467,PROG
471,Unboxed Values,470,PROG
472,Type Annotation,469,PROG
473,Machine Types,471|472,PROG
474,Abstraction Cost,397|470,PERF
475,Language Tradeoff Analysis,105|474,PROG
476,Calling C From MicroPython,105|253,PROG
477,Library Over Handwritten Code,131|475,PROG
478,Instruction Set Architecture,74,ASMP
479,ARMv6-M,478,ASMP
480,ARMv7-M,478,ASMP
481,ARMv8-M,77|478,ASMP
482,Cortex M0 Plus,80|479,HARD
483,FPU Presence Detection,95|226,ASMP
484,MVFR0 Register,483,ASMP
485,FPv5-SP Unit,95|481,DSPI
486,Capability Probing,346|483,LABM
487,Hardware Feature Gate,486,LABM
488,Portability Constraint,478|482,ASMP
489,Failure Root Cause,352|487,LABM
490,Inline Assembler,111|117,ASMP
491,asm_thumb Decorator,113|490,ASMP
492,CPU Register,478,ASMP
493,General Purpose Register,492,ASMP
494,Register Allocation,493,ASMP
495,Move Instruction,493,ASMP
496,Add Instruction,493,ASMP
497,Compare Instruction,493,ASMP
498,Conditional Branch,497,ASMP
499,Assembly Label,498,ASMP
500,Assembly Loop,498|499,ASMP
501,Argument Passing Convention,491|494,ASMP
502,Return Value Register,501,ASMP
503,Machine Code,504,ASMP
504,Instruction Mnemonic,111,ASMP
505,Floating Point Register,485|492,ASMP
506,Register Bank s0 to s31,505,ASMP
507,Load Store Architecture,478,ASMP
508,VLDR Instruction,505|507,ASMP
509,VSTR Instruction,508,ASMP
510,VADD Instruction,505,ASMP
511,VSUB Instruction,505,ASMP
512,VMUL Instruction,505,ASMP
513,Memory Address,225|507,ASMP
514,Address Of Buffer,513|515,ASMP
515,Typed Array,118,PROG
516,Pointer Arithmetic,513,ASMP
517,Byte Offset,516,ASMP
518,No Allocation In Timed Region,462|515,LABM
519,Assembly Butterfly,384|512,ASMP
520,Register Pressure,494|519,ASMP
521,Register Spilling,520,ASMP
522,Scratch Register,494,ASMP
523,Stage Parameter Block,391|501,ASMP
524,Python Assembly Boundary,501|514,ASMP
525,Work Split Strategy,391|524,ASMP
526,Assembly Debugging,352|519,LABM
527,Bit For Bit Match,396|526,LABM
528,Hot Loop,361|525,PERF
529,Special Case Optimization,528,PERF
530,Trivial Twiddle,377|529,PERF
531,Multiply By One,530,PERF
532,Multiply By i,2|530,PERF
533,Branch Prediction,102|498,HARD
534,Unpredictable Branch,533,PERF
535,Branchless Code,534,PERF
536,Precomputed Swap List,375|535,PERF
537,Code Size Tradeoff,142|529,PERF
538,Loop Overhead,528,PERF
539,Address Computation Cost,516|538,PERF
540,Optimization Attribution,462|529,LABM
541,Instruction Encoding,503,ASMP
542,Opcode,541,ASMP
543,Encoding Bit Field,541,ASMP
544,Encoding Table,543,ASMP
545,Halfword,541,ASMP
546,Thumb-2 Encoding,113|545,ASMP
547,Data Directive,490|546,ASMP
548,Raw Machine Word,547,ASMP
549,Fused Multiply Add,92|485,DSPI
550,VFMA Instruction,544|549,ASMP
551,Fused Rounding,97|549,DSPI
552,Assembler Limitation,490|547,ASMP
553,ISA Versus Toolchain,478|552,ASMP
554,Encoding Verification,346|548,LABM
555,Variant Comparison,149|462,BNCH
556,Controlled Variable,555,LABM
557,Comparison Matrix,183|555,VAPP
558,Ranking Prediction,463|555,LABM
559,Optimization Composition,540,PERF
560,Sub Linear Composition,559,PERF
561,Integration Cost,555,PERF
562,Kernel Versus Total Time,465|561,BNCH
563,Data Marshalling Cost,157|561,PERF
564,Surprising Result,466|558,LABM
565,Experimental Design,462|556,LABM
566,Research Question,565,LABM
567,Independent Variable,565,LABM
568,Dependent Variable,567,LABM
569,Methodology Section,186|565,VAPP
570,Results Presentation,182|569,VAPP
571,Limitations Statement,464|570,LABM
572,Conclusion Drawing,570,LABM
573,Project Scoping,566,LABM
574,Peer Review,464,LABM
